物件名,価格(万円),所在地,土地面積(㎡),建物面積(㎡),間取り,区分,リンク確度,出所URL,備考
佐久市香坂 3Kコンパクト平屋,80,長野県佐久市香坂,284.85,82.37,3K,定住,直リンク,https://akiya.sumai.biz/120166,Sumai空き家/佐久市空き家バンクAH0302/木造平屋/水洗トイレ/自然豊か/要リノベ前提/個別ページ直リンク
佐久市香坂 5DK2階 古民家,100,長野県佐久市香坂,520.98,118.8,5DK,定住,参考,https://39ijyu.com/index2.php?kubun=IE,佐久市空き家バンクAH0127/36坪/合併浄化槽/築古古民家/要物件特定(個別URL)
佐久市望月 6LDK2階(1950築),150,長野県佐久市望月,228.79,117.72,6LDK,定住,参考,https://saku-c20217.akiya-athome.jp/,佐久市空き家バンク/1950年7月築(築76年)/広い6LDK/要大規模リノベ/要物件特定(個別URL)
佐久市 1K(空き家バンク),200,長野県佐久市,,19.96,1K,定住,参考,https://39ijyu.com/index2.php?kubun=IE,佐久市空き家バンク/1978築/要物件特定
佐久市香坂 4DK,200,長野県佐久市香坂,312.62,75.04,4DK,定住,参考,https://39ijyu.com/index2.php?kubun=IE,佐久市空き家バンクAH0130/要物件特定(個別URL)
佐久市横根 5K2階 古民家,220,長野県佐久市横根,376.42,158.67,5K,定住,直リンク,https://akiya.sumai.biz/126238,Sumai空き家/山林・作業場・駐車2台/築古古民家/物件番号は掲載元で確認/個別ページ直リンク
佐久市 7DK(空き家バンク),250,長野県佐久市,,135.53,7DK,定住,参考,https://39ijyu.com/index2.php?kubun=IE,佐久市空き家バンク/1963築/要物件特定
佐久市 2LDK(空き家バンク),280,長野県佐久市,,79.4,2LDK,定住,参考,https://39ijyu.com/index2.php?kubun=IE,佐久市空き家バンク/1972築/要物件特定
佐久市 6DK(空き家バンク),300,長野県佐久市,,140.35,6DK,定住,参考,https://39ijyu.com/index2.php?kubun=IE,佐久市空き家バンク/1976築/要物件特定
小諸市 6K2階 古民家,350,長野県小諸市,431,166.77,6K,定住,参考,https://www.city.komoro.lg.jp/cgi-bin/recruit.php/1/list,小諸市空き家バンク/1935築/要物件特定(個別URL)
佐久市春日 8部屋2階 古民家,350,長野県佐久市春日,712.47,171.98,8部屋,定住,直リンク,https://akiya.sumai.biz/90062,Sumai空き家/日本庭園・車庫・駐車5台・縁側/1963築/価格は掲載元で要確認(250万表記も)/個別ページ
北軽井沢(嬬恋村) テラス付2LDK 別荘,500,群馬県吾妻郡嬬恋村(北軽井沢),778,74,2LDK,別荘,直リンク,https://inakagurashiweb.com/archives/20529/,"別荘地/築23年/水洗トイレ/別荘地管理費 年93,720円(水道込)/吹抜・ロフト/スーパー車23分/田舎暮らしの本掲載・在庫要確認"
軽井沢町 三笠パーク別荘地 2LDK 中古別荘,500,長野県北佐久郡軽井沢町(旧軽井沢),778.54,61.68,2LDK,別荘,参考,https://www.athome.co.jp/kodate/nagano/karuizawa-st/list/,旧軽井沢別荘地/個別URL要確認
佐久市内山 2K平屋,530,長野県佐久市内山,,,2K,定住,直リンク,https://loghouse.sumai.biz/28580,Sumai空き家/庭・ウッドデッキ・駐車/井戸・水洗トイレ/建物面積は掲載元で要確認/個別ページ
御代田町豊昇 1LK,580,長野県北佐久郡御代田町豊昇,765.91,56.92,1LK,定住,参考,https://myhome.nifty.com/chuko-ikkodate/nagano/kitasakugummiyotamachi_ct/,1988築(築37年)/御代田駅徒歩54分/個別URL要確認
